Workbook

Sheet Hoja1
A1: Nº EXP. | B1: DÍA | C1: HORA | D1: TRABAJADOR/A | E1: EMPRESAS | F1: MOTIVOS | G1: EDAD | H1: Nº T. | I1: ANTG. EMPRE | J1: A | K1: Ñ | L1: O | N1: 2 | O1: 0 | P1: 2 | Q1: 2
A2: 1 | B2: 44573 | C2: 0.39583333 | D2: NOUR EDDINE MOHAMED MOHAMEDI | E2: HALIMA BUCHNACHI EL MESSAOUDI “PIZZERÍA LA ESPIGUERA” | F2: CANTIDAD Y RESOLUCIÓN DE CONTRATO A INSTANCIAS DEL TRABAJADOR
A3: 2 | B3: 44573 | C3: 0.39930556 | D3: OHL SERVICIOS INGESAN, S.A. | E3: ANA VICTORIA SCHILLER PIZANA | F3: CANTIDAD
A4: 3 | B4: 44573 | C4: 0.40277778 | D4: JACOBO RUIZ CORREA | E4: S.A. | F4: CANTIDAD
A5: 4 | B5: 44573 | C5: 0.40625 | D5: MIMOUN EL FEKRI | E5: MILADE, S.L. | F5: CANTIDAD
A6: 5 | B6: 44573 | C6: 0.40972222 | D6: ILHAM AHMED MOHAMED | E6: LIWE ESPAÑOLA, S.A. | F6: DESPIDO Y CANTIDAD
A7: 6 | B7: 44573 | C7: 0.41319444 | D7: ABDELLAH HAMMOUTI | E7: REFORMAS Y PROYECTOS COYSE MELILLA, S.L. | F7: CANTIDAD
A8: 7 | B8: 44573 | C8: 0.41666667 | D8: MALIKA HAMMU MOHAND | E8: TALHER, S.A. | F8: DERECHO Y CANTIDAD
A9: 8 | B9: 44573 | C9: 0.42013889 | D9: NURIA CARRETERO AVELINO | E9: MARÍA DEL CARMEN PALACIOS COBO | F9: DESPIDO Y CANTIDAD
A10: 9 | B10: 44573 | C10: 0.42361111 | D10: JAMAL ROUCHDI | E10: MOHAMED HADDOUCHI | F10: DESPIDO Y CANTIDAD
A11: 10 | B11: 44573 | C11: 0.42708333 | D11: TIJANI ZAHAF | E11: MAIR SADIA RUAS BELITY Y ALMIRU SL | F11: CANTIDAD
A12: 11 | B12: 44573 | C12: 0.43055556 | D12: ALI KASSEN AL LAL | E12: VALORIZA SERVICIOS MEDIOAMBIENTALES | F12: IMPUGNACIÓN SANCIÓN
A13: 12 | B13: 44573 | C13: 0.43402778 | D13: LLAMAL EL IDRISSI MOHAMED | E13: PROSEGUR SOLUCIONES INTEGRALES SEGURIDAD ESPAÑA SL | F13: DESPIDO NULO
... A70: 69 | B70: 44601 | C70: 0.39930556 | D70: NEZHA EL GUASSAA | E70: DRYCOLD GOOD, S.L. Y JOSÉ BENAIM ASERRAF | F70: DERECHO Y CANTIDAD
A71: 69 bis | B71: 44601 | C71: 0.39930556 | D71: NEZHA EL GUASSAA | E71: DRYCOLD GOOD, S.L. Y JOSÉ BENAIM ASERRAF | F71: DESPIDO NULO
A72: 70 | B72: 44601 | C72: 0.40277778 | D72: SAID TOURICH | E72: VALORIZA SERVICIOS MEDIOAMBIENTALES, S.A. | F72: DESPIDO
A73: 71 | B73: 44601 | C73: 0.40625 | D73: MHAMED EL OUARIACHI AMAKHTARI | E73: VALORIZA SERVICIOS MEDIOAMBIENTALES, S.A. | F73: DESPIDO
A74: 72 | B74: 44601 | C74: 0.40972222 | D74: ABDELHAKIM AL BANYAHYATI ZARIOH | E74: VALORIZA SERVICIOS MEDIOAMBIENTALES, S.A. | F74: DESPIDO
A75: 73 | B75: 44601 | C75: 0.41319444 | D75: KARIM MUSTAFA MIZZIAN | E75: SURESTE SEGURIDAD, S.L. | F75: DERECHO Y CANTIDAD
A76: 74 | B76: 44601 | C76: 0.41666667 | D76: FATIMA MATICHE LAHCEN, KARIMA BAGDAD MOHAMED, LUISA HAMETE BENZAR Y SALHA AHMED MOHAMED | E76: OHL SERVICIOS INGESAN, S.A. | F76: DERECHO Y CANTIDAD
A77: 75 | B77: 44601 | C77: 0.42013889 | D77: ABDELHUAHED AL LAL MOHAND | E77: VALORIZA SERVICIOS MEDIOAMBIENTALES | F77: DERECHO Y CANTIDAD
A78: 76 | B78: 44601 | C78: 0.42361111 | D78: ABDESLAM ABDESLAM SAIDI | E78: VALORIZA SERVICIOS MEDIOAMBIENTALES | F78: DESPIDO
A79: 77 | B79: 44601 | C79: 0.42708333 | D79: HAMZA SANHJI | E79: VALORIZA SERVICIOS MEDIOAMBIENTALES | F79: DESPIDO
A80: 78 | B80: 44601 | C80: 0.43055556 | D80: DUNIA HAMED BUMEDIEN | E80: VALORIZA SERVICIOS MEDIOAMBIENTALES | F80: DESPIDO
A81: 79 | B81: 44601 | C81: 0.43402778 | D81: FAUZI AMARUCH MOHAMEDI | E81: VALORIZA SERVICIOS MEDIOAMBIENTALES | F81: IMPUGNACIÓN MODIFICACIÓN SUSTANCIAL DE LAS CONDICIONES DE TRABAJO Y CANTIDAD
A82: 80 | B82: 44601 | C82: 0.4375 | D82: ENRIQUE RIVAS VILLATORO | E82: VALORIZA SERVICIOS MEDIOAMBIENTALES | F82: EXTINCIÓN DE LA RELACIÓN LABORAL (ART. 50)
A83: 81 | B83: 44608 | C83: 0.39583333 | D83: HAMID ABDELKADER MOHAMED | E83: INTBUILDER SEMA CONSTRUCCIÓN, S.L. | F83: DESPIDO Y CANTIDAD
... A103: 101 | B103: 44622 | C103: 0.39583333 | D103: MOHAMED SEBTI EL AIACHI | E103: ARQUISOCIAL, S.L. | F103: DERECHOS
A104: CC1/2022 | B104: 44610 | C104: 0.39583333 | D104: UGT MELILLA (DESISTIDO 17/02/2022) | E104: AMBULANCIAS TENORIO E HIJOS, S.L. | F104: DERECHO ABONO CANTIDADES ADEUDADAS TERCERA PAGA EXTRA Y PLUS DE RESIDENCIA
A105: 102 | B105: 44622 | C105: 0.39930556 | D105: MOHAMED SEBTI EL AIACHI | E105: ARQUISOCIAL, S.L. | F105: DERECHO Y CANTIDAD
A106: 103 | B106: 44622 | C106: 0.40277778 | D106: BORJA ARANA VEGA | E106: MANTENIMIENTOS TERRESTRES, S.L. | F106: CANTIDAD
A107: 104 | B107: 44622 | C107: 0.40625 | D107: PEDRO ARANA COBREROS | E107: MANTENIMIENOS TERRESTRES, S.L. | F107: CANTIDAD
A108: 105 | B108: 44622 | C108: 0.40972222 | D108: DRISS ARRAISS | E108: MARÍA JESÚS MILLÁN CEREÑO Y JESÚS BATALLA POO | F108: RESOLUCIÓN DE CONTRATO A INSTANCIA DEL TRABAJADOR
A109: 106 | B109: 44622 | C109: 0.41319444 | D109: FARID AMAR MOHAMED | E109: VALORIZA SERVICIOS MEDIOAMBIENTALES, S.A. | F109: DERECHO A JORNADA A TIEMPO COMPLETO Y VULNERACIÓN DE DERECHOS FUNDAMENTALES
A110: 107 | B110: 44622 | C110: 0.41666667 | D110: ABDELKARIM TAOUIL | E110: VALORIZA SERVICIOS MEDIOAMBIENTALES | F110: DERECHO Y CANTIDAD
A111: 108 | B111: 44622 | C111: 0.42013889 | D111: LOURDES GAONA GONZÁLEZ | E111: FUNDACIÓN DIAGRAMA INTERVENCIÓN PSICOSOCIAL | F111: DESPIDO
A112: 109 | B112: 44622 | C112: 0.42361111 | D112: JUAN ANTONIO ALCÁZAR HERNÁNDEZ | E112: TRAGSA SA EMPRESA TRANSFORMACIÓN AGRARIA | F112: CANTIDAD
A113: 110 | B113: 44622 | C113: 0.42708333 | D113: MOHAMED EL BASRI | E113: HOSSAIN AL LAL MAHMUD (CAFETERÍA LA TOJA) | F113: DESPIDO Y CANTIDAD
A114: 111 | B114: 44629 | C114: 0.39583333 | D114: HADRIEL MEHAMED GONZÁLEZ | E114: SURESTE SEGURIDAD, S.L. | F114: CANTIDAD
A115: 112 | B115: 44629 | C115: 0.39930556 | D115: AZEINE BENAAMAR | E115: TUFIK MOHAMED MOHAMEDI | F115: DESPIDO IMPROCEDENTE Y RECLAMACIÓN DE CANTIDAD
A116: 113 | B116: 44629 | C116: 0.40277778 | D116: MOHAMED GJRIJOU LAKMARI | E116: VALORIZA SERVICIOS MEDIOAMBIENTALES, S.A. | F116: DESPIDO, CANTIDAD Y DERECHOS
... A126: 123 | B126: 44629 | C126: 0.43055556 | D126: ABIOLAH BACHIR EL HARROUI | E126: VALORIZA SERVICIOS MEDIOAMBIENTALES | F126: CLASIFICACION PROFESIONAL Y CANTIDAD
A127: 123bis | B127: 44636 | C127: 0.40277778 | D127: HASSAN KASSEN AL LAL | E127: VALORIZA SERVICIOS MEDIOAMBIENTALES | F127: CLASIFICACIÓN PROFESIONAL Y CANTIDAD
A128: 124 | B128: 44636 | C128: 0.40625 | D128: KARIM ABDESLAM MOHAND | E128: AFLE, S.L. | F128: DESPIDO IMPROCEDENTE E INDEMNIZACIÓN DE DAÑOS Y PERJUICIOS
A129: 125 | B129: 44636 | C129: 0.40972222 | D129: KARIM ABDESLAM MOHAND | E129: AFLE, S.L. | F129: DERECHO A LA REINCORPORACIÓN Y RECLAMACIÓN DE CANTIDAD
A130: 126 | B130: 44636 | C130: 0.41319444 | D130: MILUD AL-LUCHS MUSTAFA | E130: VALORIZA SERVICIOS MEDIOAMBIENTALES | F130: IMPUGNACIÓN DE SANCIÓN DISCIPLINARIA
A131: 127 | B131: 44636 | C131: 0.41666667 | D131: MANUEL AMADOR JIMÉNEZ | E131: ESTACIONES Y TERMINALES MARÍTIMAS, S.L. | F131: DESPIDO
A132: 128 | B132: 44636 | C132: 0.42013889 | D132: NADIA GUTIÉRREZ KASEM | E132: RENVERSE, S.L. | F132: DERECHO Y CANTIDAD
A133: 129 | B133: 44636 | C133: 0.42361111 | D133: NISRIM ALLAL HAMED | E133: FERRONOL SERVICIO INTEGRAL DE PRECISIÓN, S.L. | F133: DERECHO Y CANTIDAD
A134: 130 | B134: 44636 | C134: 0.42708333 | D134: RACHID EL AMMOURI | E134: GERCAR CONSTRUCCIONES Y REFORMAS | F134: DESPIDO Y CANTIDAD
A135: 131 | B135: 44636 | C135: 0.43055556 | D135: MUSTAPHA ABDELKADER LAARBI | E135: SERVICIOS ELÉCTRICOS Y AUDIOVISUALES MELILLA, S.L. (SEAMEL) | F135: DESPIDO SUBSIDIARIAMENTE IMPROCEDENTE
A136: 132 | B136: 44643 | C136: 0.39583333 | D136: HAMID MHAMED BENNASER | E136: EULEN S.A. | F136: DERECHO Y CANTIDAD
A137: 133 | B137: 44643 | C137: 0.39930556 | D137: MOHAMED MOHAMED ANAFI | E137: EULEN S.A. | F137: DERECHO Y CANTIDAD
A138: 134 | B138: 44643 | C138: 0.40277778 | D138: DRIS MOHAMED AHMED | E138: EULEN S.A. | F138: DERECHO Y CANTIDAD
A139: 135 | B139: 44643 | C139: 0.40625 | D139: WHASIMA MUSTAFA MUSTAFA | E139: TODOAGUAS SC | F139: DESPIDO Y CANTIDAD
... A208: 204 | B208: 44671 | C208: 0.40625 | D208: ALEGRIA BENZAQUEN COHEN | E208: SUPERNOVA ASISTENCIAS, S.L.U. E IKREA-GESTION DE LA CULTURA Y EL OCIO SL | F208: DCHO Y CANTIDAD
A209: CC2/2022 | B209: 44655 | C209: 0.39583333 | D209: COMISIONES OBRERAS | E209: ARQUISOCIAL, S.L. | F209: TUTELA DCHO FUNDAMENTAL A LA LIBERTAD SINDICAL
A210: 205 | B210: 44671 | C210: 0.40972222 | D210: SALAH MOHAND ALI | E210: ARQUISOCIAL, S.L. | F210: DCHO Y CANTIDAD
A211: 206 | B211: 44671 | C211: 0.41319444 | D211: ALI DANI TEYIBI | E211: JOSÉ MARÍA ESTRUCH LAHSAINI | F211: DERECHO Y CANTIDAD
A212: 207 | B212: 44671 | C212: 0.41666667 | D212: MANUEL MIGUEL FERNÁNDEZ RAMÍREZ | E212: SURESTE SEGURIDAD S.L. | F212: DERECHO Y CANTIDAD
A213: 208 | B213: 44671 | C213: 0.42013889 | D213: JOSE FRANCISCO DOMENECH ROLDAN | E213: KADEM EZACRITI HAMEDI | F213: DESPIDO Y CANTIDAD
A214: 209 | B214: 44671 | C214: 0.42361111 | D214: ABDENNASER JAATIT | E214: HERMANOS AZZOUZI, S.L. | F214: CANTIDAD
A215: 210 | B215: 44671 | C215: 0.42708333 | D215: FARAH IKRAM HAMIDA DRISS | E215: SCI (SERVICIOS DE COLABORACIÓN INTEGRAL) | F215: CESIÓN DE MANO DE OBRA Y CANTIDAD
A216: 211 | B216: 44671 | C216: 0.43055556 | D216: LUIS MIGUEL FERNÁNDEZ RUIZ | E216: AGENCIA MÉRIDA LOGÍSTICA, S.L. | F216: RESOLUCIÓN DE CONTRATO DE TRABAJO CON VULNERACIÓN DE DERECHOS FUINDAMENTALES
A217: 212 | B217: 44671 | C217: 0.43402778 | D217: KARIM MUSTAFA MIZZIAN | E217: SURESTE SEGURIDAD S.L. | F217: DERECHO Y CANTIDAD
A218: 213 | B218: 44671 | C218: 0.4375 | D218: KARIM MUSTAFA MIZZIAN | E218: SURESTE SEGURIDAD S.L. | F218: DERECHO Y CANTIDAD (HORAS EXTRAORDINARIAS)
A219: 214 | B219: 44671 | C219: 0.44097222 | D219: KARIM MUSTAFA MIZZIAN | E219: SURESTE SEGURIDAD S.L. | F219: DERECHO Y CANTIDAD (COMPLEMENTOS)
A220: 215 | B220: 44671 | C220: 0.44444444 | D220: KARIM MUSTAFA MIZZIAN | E220: SURESTE SEGURIDAD S.L. | F220: DERECHO Y CANTIDAD (FORMACIÓN)
A221: 216 | B221: 44671 | C221: 0.44791667 | D221: EMILIO HERRERO NAVARRO | E221: VALORIZA SERVICIOS MEDIOAMBIENTALES | F221: RECLAMACIÓN INDEMNIZACIÓN SEGURO COLECTIVO DE ACCIDENTES
... A241: 236 | B241: 44685 | C241: 0.40625 | D241: MOHAMED ABDESSAMAD MOHAMED | E241: PROSEGUR ESPAÑA, S.L. | F241: IMPUGNACIÓN SANCIÓN
A242: CC3/2022 | B242: 44676 | C242: 0.4375 | D242: COMISIONES OBRERAS | E242: ARQUISOCIAL, S.L. | F242: APLICACIÓN TABLAS SALARIALES IV CONVENIO COLECTIVO ESTATAL DE REFORMA JUVENIL Y PROTECCIÓN DE MENORES
A243: 237 | B243: 44685 | C243: 0.375 | D243: JUAN SANTIAGO SANTIAGO | E243: EULEN, S.A. | F243: DESPIDO, CESIÓN DE MANO DE OBRA Y CANTIDAD
A244: 238 | B244: 44692 | C244: 0.39583333 | D244: JAMAL EL MAKRINI | E244: MIMOUN MOHAMED AL-LAL | F244: DESPIDO
A245: 239 | B245: 44692 | C245: 0.39930556 | D245: MARIA DEL CARMEN PONS ALVAREZ | E245: EULEN SA | F245: DESPIDO CESION ILEGAL DE TRABAJADORES
A246: 240 | B246: 44692 | C246: 0.40277778 | D246: AMAR MOHAMED EL MESSAOUIDI | E246: EULEN, S.A. | F246: CANTIDAD Y DESPIDO
A247: CC4/2022 | B247: 44685 | C247: 0.37847222 | D247: SINDICATO INDEPENDIENTE DE MELILLA (SIM | E247: SURESTE SEGURIDAD S.L. | F247: DERECHO Y ABONO DEL COMPLEMENTO RETRIBUTIVO BONIFICACIÓN DE SEGURIDAD SOCIAL DE CEUTA Y MELILLA
A248: 241 | B248: 44692 | C248: 0.40625 | D248: ATMAN AMJAHED | E248: MIMOUN MOHAMED AL-LAL | F248: DESPIDO
A249: 242 | B249: 44692 | C249: 0.40972222 | D249: BRAHIM AFERFACHE | E249: MELIREP, S.L. | F249: CANTIDAD
A250: 243 | B250: 44692 | C250: 0.41319444 | D250: MUSA AL LAL BENAISA | E250: SURESTE SEGURIDAD S.L. | F250: DERECHO Y CANTIDAD
A251: 244 | B251: 44692 | C251: 0.41666667 | D251: RACHID MOHAMED MOHAMED | E251: VALORIZA SERVICIOS MEDIOAMBIENTALES | F251: DERECHO Y CANTIDAD
A252: 245 | B252: 44692 | C252: 0.42013889 | D252: TARIK BOUHNOUF SAHAIM | E252: RENVERSE, S.L. | F252: DESPIDO NULO Y RECLAMACIÓN SALARIAL
A253: 246 | B253: 44692 | C253: 0.42361111 | D253: WAFA ABDELKADER HADU | E253: RENVERSE, S.L. | F253: DESPIDO NULO Y RECLAMACIÓN SALARIAL
A254: 247 | B254: 44692 | C254: 0.42708333 | D254: LUIS MIGUEL FERNÁNDEZ RUIZ | E254: AGENCIA MÉRIDA LOGÍSTICA, S.L. | F254: DESPIDO NULO
A255: 248 | B255: 44692 | C255: 0.43055556 | D255: YUSRI AMEKRAN MOHAMED DRIS | E255: CLECE SEGURIDAD, S.A.U. Y PROSEGUR SOLUCIONES INTEGRALES SEGURIDAD | F255: MODIFICACIÓN CONDICIONES DE TRABAJO Y CANTIDAD
A256: 249 | B256: 44692 | C256: 0.43402778 | D256: ALI EL HADI EL ARNOUKI | E256: CLECE SEGURIDAD, S.A.U. Y PROSEGUR SOLUCIONES INTEGRALES SEGURIDAD | F256: MODIFICACIÓN CONDICIONES DE TRABAJO Y CANTIDAD
A257: 250 | B257: 44692 | C257: 0.4375 | D257: JAIME DRIS BENAISA | E257: CLECE SEGURIDAD, S.A.U. Y PROSEGUR SOLUCIONES INTEGRALES SEGURIDAD | F257: MODIFICACIÓN CONDICIONES DE TRABAJO Y CANTIDAD
A258: 251 | B258: 44692 | C258: 0.44097222 | D258: SUFIAN BOUHNOUF SAHAIM | E258: CLECE SEGURIDAD, S.A.U. Y PROSEGUR SOLUCIONES INTEGRALES SEGURIDAD | F258: MODIFICACIÓN CONDICIONES DE TRABAJO Y CANTIDAD
A259: 252 | B259: 44692 | C259: 0.44444444 | D259: HASSAN EL BAHRAOUI | E259: DORANJO, S.L.U. | F259: DESPIDO Y CANTIDAD
... A266: 259 | B266: 44699 | C266: 0.41319444 | D266: ABDELHUAHED AL LAL MOHAND | E266: VALORIZA SERVICIOS MEDIOAMBIENTALES | F266: SANCIÓN
A267: 260 | B267: 18/’05/2022 | C267: 0.41666667 | D267: MUSTAFA MOHAMEDI AL LAL | E267: VALORIZA SERVICIOS MEDIOAMBIENTALES | F267: SANCIÓN
A268: 261 | B268: 44699 | C268: 0.42013889 | D268: BRAHIM EL HADI AMAR | E268: MELMATIC SL | F268: DERECHO Y CANTIDAD
A269: 262 | B269: 44699 | C269: 0.42361111 | D269: ÁNGEL BENÍTEZ SOLER | E269: AGENCIA MÉRIDA LOGÍSTICA, S.L. | F269: DESPIDO Y CANTIDAD
A270: 263 | B270: 44706 | C270: 0.39930556 | D270: FADOUA BOUHOT | E270: PANADERÍA Y CONFITERÍA AROMA, S.L. | F270: CANTIDAD
A271: 264 | B271: 44706 | C271: 0.40277778 | D271: JOSE CUETO ZAPATA | E271: PROSEGUR SERVICIOS DE EFECTIVOS ESPAÑA | F271: IMPUGNACIÓN SANCIÓN
A272: 265 | B272: 44706 | C272: 0.40625 | D272: MANOLI MEDRANO MEDRANO | E272: CLECE SA
A273: 266 | B273: 44713 | C273: 0.39583333 | D273: MINA EL BEDAATI | E273: ABDELKADER ZARIOH MOHAMED | F273: DESPIDO Y RECLAMACIÓN SALARIAL
A274: 267 | B274: 44706 | C274: 0.40972222 | D274: FRANCISCO JAVIER ÁLAMO PELEGRÍN | E274: BLUE JATIUCA ESPAÑA, S.L. | F274: DESPIDO Y CANTIDAD
A275: 268 | B275: 44706 | C275: 0.41319444 | D275: ISLAM CHARID MIMON | E275: TETESTEA, S.L. | F275: DESPIDO
A276: 269 | B276: 44706 | C276: 0.41666667 | D276: SANA ABDELKADER AHMED | E276: GRAN CASINO DE MELILLA | F276: EXTINCIÓN DEL CONTRATO DE TRABAJO POR MODIFICACIÓN SUSTANCIAL DE LAS CONDICIONES DE TRABAJO
A277: 270 | B277: 44706 | C277: 0.42013889 | D277: MIGUEL SEGURA HERNÁNDEZ | E277: GRAN CASINO DE MELILLA | F277: EXTINCIÓN DEL CONTRATO DE TRABAJO POR MODIFICACIÓN SUSTANCIAL DE LAS CONDICIONES DE TRABAJO
...

Sheet SERGIO
A1: SOLICITUD | B1: =Hoja1!A:A -> Nº EXP. | C1: =Hoja1!B:B -> DÍA | D1: =Hoja1!C:C -> HORA | E1: =Hoja1!D:D -> TRABAJADOR/A | F1: DNI | G1: REPRESENTANTE TRABAJADOR | H1: DNI REP. | I1: =Hoja1!E:E -> EMPRESAS | J1: CIF | K1: =Hoja1!F:F -> MOTIVOS
A2: 45636 | B2: 1 | C2: 45659 | D2: 0.39583333 | E2: MOHAMED OUHANNA | F2: Y8942625D | I2: JOSÉ ESCOBAR GÓMEZ | J2: 45314714J | K2: DESPIDO IMPROCEDENTE
A3: 45637 | B3: 2 | C3: 45659 | D3: 0.39930556 | E3: REDOUAN EL BOUDALI EL MOUDNI | F3: 44073884L | G3: FARID MOHAMED SAID | H3: 45308774Q | I3: CARAI MELILLA, S.L. Y FRANCISCO ANTONIO MENA GIL | J3: B52021052 Y | K3: RECONOCIMIENTO DE DERECHOS (ANTIGÜEDAD)
A4: 45631 | B4: 3 | C4: 45659 | D4: 0.40277778 | E4: INMACULADA GONZÁLEZ PEÑA | F4: 27382208H | G4: EVA GUILLÉN GARCÍA | H4: 05285148R | I4: ALVALOP SERVICIOS XXI, S.L.U. | J4: B36591063 | K4: RECLAMACIÓN POR SANCIÓN NULA O SUBSIDIARIAMENTE IMPROCEDENTE
A5: 45639 | B5: 4 | C5: 45659 | D5: 0.40625 | E5: ZACARIA EL BACHARI | F5: X4000771J | G5: FARID MOHAMED SAID | H5: 45308774Q | I5: BRAHIM HADDOUCHI EL BOUSNANI | J5: 44112399D | K5: DESPIDO Y RECLAMACIÓN DE CANTIDAD
A6: 45639 | B6: 5 | C6: 45666 | D6: 0.39583333 | E6: FUAD HAMED ALI | F6: 45298239S | G6: JOAQUÍN GARCÍA ANGOSTO | H6: 45314107J | I6: CARLOS ALMANSA LEAL Y VALORIZA SERVICIOS MEDIOAMBIENTALES SA | J6: 45315886K Y A28760692 | K6: RECONOCIMIENTO DE DERECHO Y RECLAMACIÓN SALARIAL
A7: 45639 | B7: 6 | C7: 45659 | D7: 0.40972222 | E7: CHAKIB NAJI NAJI | F7: 32996025H | G7: FARID MOHAMED SAID | H7: 45308774Q | I7: ADAMKAMAL SL | J7: B52037157 | K7: DESPIDO NULO CON VULNERACIÓN DE DERECHOS FUNDAMENTALES Y RECLAMACIÓN DE CANTIDADES
A8: 45639 | B8: 7 | C8: 45666 | D8: 0.39930556 | E8: NAFISA MOHAMED MOHAMED | F8: 45305994L | G8: FARID MOHAMED SAID | H8: 45308774Q | I8: TRANSFERLO SL, LOGISTIC EXPRESS ADUANA SLU, LEMALAGA SERVICIOS LOGISTICOS SL, DIRK MANUEL MARTENS JIMENEZ, MELILLA EXPRESS SL, LOGISTIC EXPRESS SL, AGENCIA MERIDA LOGISTICA SL, MACATRANS SL Y CABO EXPRESS SL | J8: B29903879, B44995355, B19886621, 78983770E, B29142320, B44803690, B93152171, B51035467 Y B29598307 | K8: DESPIDO IMPROCEDENTE Y RECLAMACIÓN DE CANTIDADES
A9: 45643 | B9: 8 | C9: 45659 | D9: 0.41319444 | E9: PAULA VICENTE MARCOS | F9: 7453718C | G9: FEDERICO BURLO DE ROJAS | H9: 33489971Q | I9: CLUB DEPORTIVO ELEMENTAL BALONMANO T-MARAVILLA | J9: G52040847 | K9: DESPIDO Y CANTIDAD
A10: 45644 | B10: 9 | C10: 45659 | D10: 0.41666667 | E10: SORAYA HADI DUDU | F10: 45301199P | G10: JOAQUÍN GARCÍA ANGOSTO | H10: 45314107J | I10: FUNDACIÓN DIAGRAMA INTERVENCIÓN PSICOSOCIAL | J10: G73038457 | K10: DESPIDO IMPROCEDENTE Y RECLAMACIÓN SALARIAL
A11: 45644 | B11: 10 | C11: 45666 | D11: 0.40277778 | E11: HASSAN KASSEN AL LAL | F11: 45282078T | G11: FARID AMED DRIS | H11: 45308923G | I11: VALORIZA SERVICIOS MEDIOAMBIENTALES, S.A. | J11: A28760692 | K11: IMPUGNACIÓN DE MODIFICACIÓN SUSTANCIAL DE LAS CONDICIONES DE TRABAJO CON VULNERACIÓN DE DERECHOS FUNDAMENTALES
A12: 45644 | B12: 11 | C12: 45659 | D12: 0.42361111 | E12: JOSÉ ANTONIO DOMÍNGUEZ MUÑOZ | F12: 44263941G | G12: ALBERTO J. REQUENA POU | H12: 45295631Y | I12: MELMATIC SL | J12: B29954955 | K12: DESPIDO IMPROCEDENTE Y RECLAMACIÓN DE CANTIDAD
A13: 45645 | B13: 12 | C13: 45666 | D13: 0.40625 | E13: FERNANDO JOSE OLIVARES AMAYA | F13: 45306935V | G13: JOAQUIN PEDRERO CEBALLOS | H13: 44264189E | I13: COOPERATIVA MAESTROS MELILLA (COMAMEL) | J13: F29953296 | K13: RECLAMACION DE DERECHO Y CANTIDAD
A14: 45645 | B14: 13 | C14: 45666 | D14: 0.40972222 | E14: TETIANA CHUCHAIEVA CHUCHAIEVA | F14: Y9292404G | G14: SALOMON SERFATY BITTAN | H14: 45288003Z | I14: EL CORTE INGLES S.A. | J14: A28017895 | K14: DESPIDO NULO Y RECONOCIMIENTO DE DERECHO
A15: 45646 | B15: 14 | C15: 45666 | D15: 0.41319444 | E15: JUAN JOSE VIÑAS DEL CASTILLO | F15: 45266987C | I15: PROYECTO MELILLA S.A. | J15: A29951753 | K15: RECONOCIMIENTO DE DERECHO Y RECLAMACION DE CANTIDAD
A16: 45649 | B16: 15 | C16: 45666 | D16: 0.41666667 | E16: MIMOUN EL FOUNTI KOHOUSS | F16: 60495102L | I16: MOHAMED ABDELKADER FATIHA | J16: 45288425E | K16: DESPIDO Y CANTIDAD
A17: 45649 | B17: 16 | C17: 45666 | D17: 0.42013889 | E17: TOURIYA EL MOURABIT | F17: Y8512904C | G17: DANIEL TEBAR CARMONA | H17: 45312120G | I17: LA AZOTEA MINAS DEL RIF, S.L. ALLAL BOULAATOUR MAACHOU SUFIAN BOULAATOUR MAACHOU | J17: B52041076 43995915C | K17: VULNERACION DE DERECHOS FUNDAMENTALES. RESOLUCION DEL CONTRATO.
A18: 45652 | B18: 17 | C18: 45666 | D18: 0.42361111 | E18: NABIL EL YOUSSFI | F18: Y1616849D | G18: FARID MOHAMED SAID | H18: 45308774Q | I18: CARAI MELILLA S.L. | J18: B52021052 | K18: DESPIDO IMPROCEDENTE Y RECLAMACIÓN DE CANTIDAD
A19: 45652 | B19: 18 | C19: 45666 | D19: 0.42708333 | E19: GUSTAVO ALEJANDRO BRAVO TORCOLETTI | F19: 43998344B | G19: FARID MOHAMED SAID | H19: 45308774Q | I19: ALMACENES DE PAPEL CASTAÑEDA | J19: B52013133 | K19: DESPIDO
A20: 45652 | B20: 19 | C20: 45666 | D20: 0.43055556 | E20: ABDESLAM YAHIAOUI | F20: X0936142L | G20: FARID MOHAMED SAID | H20: 45308774Q | I20: HEREDEROS DE EMILIO GALLEGO S.L. | J20: B52036969 | K20: RECLAMACION DE CANTIDAD
A21: 45652 | B21: 20 | C21: 45666 | D21: 0.43402778 | E21: JUAN JOSE JIMENEZ GARBIN | F21: 45317919F | I21: ALPHA SISTEMAS DE INFORMACION S.L. M.R. INFORMATICA S.L. CONECTICS ICT SERVICES SA-GETRONIC | J21: B82297904 B81230252 A48263693 | K21: DESPIDO IMPROCEDENTE Y RECLAMACIÓN DE CANTIDAD
A22: 45652 | B22: 21 | C22: 45666 | D22: 0.4375 | E22: JESUS PAREDES ROBLES | F22: 45311257S | I22: M.R. INFORMATICA S.L. CONECTICS ICT SERVICES SA-GETRONIC | J22: B81230252 A48263693 | K22: DESPIDO IMPROCEDENTE Y RECLAMACIÓN DE CANTIDAD
A23: 45654 | B23: 22 | C23: 45673 | D23: 0.4375 | E23: ÁNGEL ESTÉVANEZ CASAS | F23: 45321008Z | I23: M.R. INFORMÁTICA, S.L. Y GETRONIC, S.A. | J23: B81230252 Y A48263693 | K23: DESPIDO CON VULNERACIÓN DE DERECHOS FUNDAMENTALES EN MATERIA DE CESIÓN ILEGAL DE TRABAJADORES CON RECLAMACIÓN DE DIFERENCIAS SALARIALES
A24: 45653 | B24: 23 | C24: 45673 | D24: 0.44097222 | E24: 45659 | F24: 78946044Q | G24: JOAQUÍN GARCÍA ANGOSTO | H24: 45314107J | I24: ESGAMING SAU | J24: A86303773 | K24: RECLAMACIÓN SALARIAL
A25: 45653 | B25: 24 | C25: 45673 | D25: 0.44444444 | E25: MIRIAM CARMONA BETANCOR | F25: 42226973P | G25: JOAQUÍN GARCÍA ANGOSTO | H25: 45314107J | I25: RENVERSE SL | J25: B20781969 | K25: DESPIDO NULO Y RECLAMACIÓN SALARIAL
A26: 45653 | B26: 25 | C26: 45673 | D26: 0.44791667 | E26: FATIMA ZAHRA ELMIRABET | F26: Y8082528C | G26: JOAQUÍN GARCÍA ANGOSTO | H26: 45314107J | I26: PANADERÍA Y CONFITERÍA AROMA, S.L. | J26: B06806624 | K26: DESPIDO NULO
A27: 45656 | B27: 26 | C27: 45673 | D27: 0.52083333 | E27: JAVIER NÚÑEZ SUÁREZ | F27: 45314172D | G27: JOSÉ MARÍA IGNACIO SÁNCHEZ CHOLBI | H27: 45269826F | I27: MR INFORMÁTICA, S.L. | J27: B81230252 | K27: DESPIDO Y CANTIDAD
A28: 45659 | B28: 27 | C28: 45673 | D28: 0.45138889 | E28: GEMA MARÍA ZAPATA GIL | F28: 45303176F | I28: RB DENTAL SL | J28: B5203926 | K28: CLASIFICACIÓN PROFESIONAL Y DIFERENCIAS SALARIALES
A29: 45659 | B29: 28 | C29: 45673 | D29: 0.45486111 | E29: MUSTAFA BENAISA MOHAMED | F29: 45283737A | G29: FARID MOHAMED SAID | H29: 45308774Q | I29: SALZILLO SERVICIOS INTEGRALES, S.L. | J29: B73589814 | K29: CANTIDAD
A30: 45659 | B30: 29 | C30: 45673 | D30: 0.45833333 | E30: IGNACIO JOSÉ MÁS MOHAMED | F30: 45317586L | G30: GEMA FERRER RODRÍGUEZ | H30: 45300109E | I30: JYSK DBL IBERIA, S.L. | J30: B64935604 | K30: DESPIDO NULO O SUBSIDIARIAMENTE IMPROCEDENTE
A31: 45659 | B31: 30 | C31: 45673 | D31: 0.46180556 | E31: ASMA ROUDANE MOHAMED | F31: 45293008M | G31: FARID MOHAMED SAID | H31: 45308774Q | I31: CARAI MELILLA, S.L. | J31: B52021052 | K31: DESPIDO NULO CON VULNERACIÓN DE DERECHOS FUNDAMENTALES Y RECLAMACIÓN DE CANTIDADES
A32: 45659 | B32: 31 | C32: 45673 | D32: 0.52430556 | E32: MALIKA BACHIR HAMIDA | F32: 45283341K | G32: JOSÉ MARÍA IGNACIO SÁNCHEZ CHOLBI | H32: 45269826F | I32: CATERING LA HACIENDA, S.L. | J32: B97254403 | K32: DESPIDO Y CANTIDAD
A33: 45659 | B33: 32 | C33: 45673 | D33: 0.52777778 | E33: AHMED RUBIERA AHMED | F33: 45316280R | G33: JOSÉ MARÍA IGNACIO SÁNCHEZ CHOLBI | H33: 45269826F | I33: ACADEMIA SOCE, S.L. | J33: B51000131 | K33: DESPIDO Y CANTIDAD
A34: 45660 | B34: 33 | C34: 45673 | D34: 0.46527778 | E34: MARÍA DOLORES CABRERA BOLAÑOS | F34: 45301370H | G34: JOAQUÍN GARCÍA ANGOSTO | H34: 45314107J | I34: RENVERSE SL | J34: B20781969 | K34: DESPIDO NULO Y RECLAMACIÓN SALARIAL
A35: 45660 | B35: 34 | C35: 45673 | D35: 0.53125 | E35: HANAN BENKADDOU MUSTAFA | F35: 45307322J | G35: JOSÉ MARÍA IGNACIO SÁNCHEZ CHOLBI | H35: 45269826F | I35: JYSK DBL IBERIA SL | J35: B64935604 | K35: DESPIDO Y CANTIDAD
A36: 45660 | B36: 35 | C36: 45673 | D36: 0.53472222 | E36: SOURIA ACHAHBOUN ROTBI | F36: 44109873J | G36: JOSÉ MARÍA IGNACIO SÁNCHEZ CHOLBI | H36: 45269826F | I36: JYSK DBL IBERIA SL | J36: B64935604 | K36: DESPIDO Y CANTIDAD
A37: 45660 | B37: 36 | C37: 45673 | D37: 0.46875 | E37: SAMIRA RAHMANI MOHAMED | F37: 45315006S | G37: DAVID MARÍN SÁNCHEZ | H37: 45316553K | I37: ALVALOP SERVICIOS XXI, S.L.U. | J37: B36591063 | K37: RECONOCIMIENTO DE DERECHO Y RECLAMACIÓN DE CANTIDAD
A38: 45660 | B38: 37 | C38: 45680 | D38: 0.39583333 | E38: MOHATAR BEN CHAIB BOUTAHAR, RADUAN HAMIDA MIMUN, BORFA AMAR CHAIB, KARIM MOHAMED MOHAMED Y MOHAMED ABDESLAM MOHAMED | F38: 45281174Q, 45298688G, 45269301B, 45295362J Y 45287156H | G38: JOAQUÍN GARCÍA ANGOSTO | H38: 45314107J | I38: MIGUEL BAROJA DÍAZ, EULEN, S.A., HÉRCULES SERVICIOS GENERALES INTEGRALES Y REFORMAS MUSTAFA, S.L.U. | J38: 45297076W, A28517308, B51025591 Y B52019957 | K38: CESIÓN DE MANO DE OBRA Y RECLAMACIÓN SALARIAL
A39: 45660 | B39: 38 | C39: 45680 | D39: 0.375 | E39: ABDERRAZAK BELLAHSEN | F39: X7143307J | G39: JOSÉ MARÍA IGNACIO SÁNCHEZ CHOLBI | H39: 45269826F | I39: JAVIER RAMOS BENGUIGUI | J39: 45286760J | K39: CANTIDAD
A40: 45660 | B40: 39 | C40: 45680 | D40: 0.37847222 | E40: SAID TOUHOU | F40: X3567237Y | G40: JOSÉ MARÍA IGNACIO SÁNCHEZ CHOLBI | H40: 45269826F | I40: JAVIER RAMOS BENGUIGUI | J40: 45286760J | K40: CANTIDAD
... A45: 45665 | B45: 44 | C45: 45680 | D45: 0.41319444 | E45: TATIANA CHUCHAIEVA CHUCHAIEVA | F45: Y9292404G | G45: SALOMON SERFATY BITTAN | H45: 45288003Z | I45: EL CORTE INGLES S.A. | J45: A28017895 | K45: DESPIDO NULO Y RECONOCIMIENTO DE DERECHO
A46: 45666 | B46: 45 | C46: 45680 | D46: 0.41666667 | E46: NADIR AZZIYANI EL IDRISSI | F46: 60167233 | I46: FABRICA DE PELLET MELILLA SL | J46: B06844245 | K46: RECLAMACIÓN DE CANTIDAD
A47: 45666 | B47: 46 | C47: 45680 | D47: 0.42013889 | E47: FRANCISCO BURGOS CONDE | F47: 45273636E | G47: GEMA FERRER RODRÍGUEZ | H47: 45300109E | I47: EULEN SEGURIDAD SA | J47: A28369395 | K47: DERECHO Y CANTIDAD
A48: 45667 | B48: 47 | C48: 45687 | D48: 0.4375 | E48: JOSÉ MANUEL ESPINOSA JIMÉNEZ | F48: 45286510Q | G48: ENRIQUE ALCOBA VIZCAÍNO | H48: 45306530A | I48: TECNOLOGÍAS Y SERVICIOS AGRARIOS, S.A.S. | J48: A79365821 | K48: MODIFICACIÓN SUSTANCIAL DE CONDICIONES DE TRABAJO
A49: 04/01/2025 (Registro 13/01/2025) | B49: 48 | C49: 45687 | D49: 0.44097222 | E49: MERCEDES ESPIÑEIRA FERNÁNDEZ | F49: 45278406P | G49: VÍCTOR REYES DOMÍNGUEZ | H49: 25342214D | I49: KOALA SOLUCIONES EDUCATIVAS, S.A. Y CLECE, S.A. | J49: A87045423 Y A80364243 | K49: IMPUGNACIÓN DE DESPIDO Y RECLAMACIÓN DE CANTIDAD
A50: 04/01/2025 (Registro 13/01/2025) | B50: 49 | C50: 45687 | D50: 0.44444444 | E50: JUANA CARRO MOLE | F50: 45268299K | G50: VÍCTOR REYES DOMÍNGUEZ | H50: 25342214D | I50: KOALA SOLUCIONES EDUCATIVAS, S.A. Y CLECE, S.A. | J50: A87045423 Y A80364243 | K50: IMPUGNACIÓN DE DESPIDO Y RECLAMACIÓN DE CANTIDAD
A51: 04/01/2025 (Registro 13/01/2025) | B51: 50 | C51: 45687 | D51: 0.44791667 | E51: CRISTINA MAYOR LEÓN | F51: 45318679P | G51: VÍCTOR REYES DOMÍNGUEZ | H51: 25342214D | I51: KOALA SOLUCIONES EDUCATIVAS, S.A. Y CLECE, S.A. | J51: A87045423 Y A80364243 | K51: IMPUGNACIÓN DE DESPIDO Y RECLAMACIÓN DE CANTIDAD
A52: 04/01/2025 (Registro 13/01/2025) | B52: 51 | C52: 45687 | D52: 0.45138889 | E52: VANESA LAGO GONZÁLEZ | F52: 45306232G | G52: VÍCTOR REYES DOMÍNGUEZ | H52: 25342214D | I52: KOALA SOLUCIONES EDUCATIVAS, S.A. Y CLECE, S.A. | J52: A87045423 Y A80364243 | K52: IMPUGNACIÓN DE DESPIDO Y RECLAMACIÓN DE CANTIDAD
A53: 04/01/2025 (Registro 13/01/2025) | B53: 52 | C53: 45687 | D53: 0.45486111 | E53: MARÍA DOLORES BARBA CASTELLANOS | F53: 45280897S | G53: VÍCTOR REYES DOMÍNGUEZ | H53: 25342214D | I53: KOALA SOLUCIONES EDUCATIVAS, S.A. Y CLECE, S.A. | J53: A87045423 Y A80364243 | K53: IMPUGNACIÓN DE DESPIDO Y RECLAMACIÓN DE CANTIDAD
A54: 04/01/2025 (Registro 13/01/2025) | B54: 53 | C54: 45687 | D54: 0.45833333 | E54: ELENA POZO RIVAS | F54: 45292634E | G54: VÍCTOR REYES DOMÍNGUEZ | H54: 25342214D | I54: KOALA SOLUCIONES EDUCATIVAS, S.A. Y CLECE, S.A. | J54: A87045423 Y A80364243 | K54: IMPUGNACIÓN DE DESPIDO Y RECLAMACIÓN DE CANTIDAD
A55: 04/01/2025 (Registro 13/01/2025) | B55: 54 | C55: 45687 | D55: 0.46180556 | E55: NURIA MARTÍNEZ ALAHIJA HERNÁNDEZ | F55: 45304368A | G55: VÍCTOR REYES DOMÍNGUEZ | H55: 25342214D | I55: KOALA SOLUCIONES EDUCATIVAS, S.A. Y CLECE, S.A. | J55: A87045423 Y A80364243 | K55: IMPUGNACIÓN DE DESPIDO Y RECLAMACIÓN DE CANTIDAD
A56: 04/01/2025 (Registro 13/01/2025) | B56: 55 | C56: 45687 | D56: 0.46527778 | E56: ESPERANZA LÓPEZ DOMÍNGUEZ | F56: 45310832G | G56: VÍCTOR REYES DOMÍNGUEZ | H56: 25342214D | I56: KOALA SOLUCIONES EDUCATIVAS, S.A. Y CLECE, S.A. | J56: A87045423 Y A80364243 | K56: IMPUGNACIÓN DE DESPIDO Y RECLAMACIÓN DE CANTIDAD
A57: 45672 | B57: 56 | C57: 45687 | D57: 0.46875 | E57: MOHAMED MHAMED MOHAND | F57: 45296013C | G57: JOAQUÍN GARCÍA ANGOSTO | H57: 45314107J | I57: MERCADONA SA | J57: A46103834 | K57: DESPIDO NULO Y RECLAMACIÓN SALARIAL
A58: 45673 | B58: 57 | C58: 45687 | D58: 0.47222222 | E58: SAID EL BACHIRI BACHIRI | F58: 45318607M | G58: ABDELMAYID SAID DRIS | H58: 45281472S | I58: BUNKER MOTOR, S.L. | J58: B29963485 | K58: RECONOCIMIENTO DE DERECHO Y RECLAMACIÓN DE CANTIDAD
A59: 45673 | B59: 58 | C59: 45687 | D59: 0.47569444 | E59: JUAN ANTONIO PADILLA LEÓN | F59: 45276662N | G59: FARID AHMED DRIS | H59: 45308923G | I59: VALORIZA SERVICIOS MEDIOAMBIENTALES, S.A. | J59: A28760692 | K59: RECLMACIÓN DE INDEMNIZACIÓN POR ACCIDENTE LABORAL
A60: 45674 | B60: 59 | C60: 45694 | D60: 0.375 | E60: MARÍA DEL CARMEN MATEOS BARQUERO | F60: 45282383Y | G60: JOAQUÍN PEDRERO CEBALLOS | H60: 44264189E | I60: PROYECTO MELILLA S.A. | J60: A29951753 | K60: DERECHO Y CANTIDAD
A61: 45674 | B61: 60 | C61: 45694 | D61: 0.37847222 | E61: ABDERRAHIM DABDAB | F61: X1777942L | G61: JOAQUÍN GARCÍA ANGOSTO | H61: 45314107J | I61: MARÍTIMA PEREGAR SA | J61: A29901915 | K61: RESOLUCIÓN DEL CONTRATO DE TRABAJO
A62: 45678 | B62: 61 | C62: 45694 | D62: 0.38194444 | E62: FARAH BOULAADAS EL AUSROUTI | F62: 12491060J | I62: MANUELA NICOLÁS VIGUERAS | J62: 45257661D | K62: RECLAMACIÓN DE CANTIDAD
A63: 45679 | B63: 62 | C63: 45694 | D63: 0.38541667 | E63: MALIKA HAMMOU MOHAND | F63: 45291163T | G63: JOAQUÍN GARCÍA ANGOSTO | H63: 45314107J | I63: TALHER S.A. | J63: A08602815 | K63: RECLAMACIÓN DE CANTIDAD
A64: 45679 | B64: 63 | C64: 45694 | D64: 0.38888889 | E64: ABUBAKAR MOHAMED LAHBIB | F64: 45316761E | G64: ABDELMAYID SAID DRIS | H64: 45281472S | I64: BUYISOL WASH S.L. | J64: B67939637 | K64: DESPIDO Y CANTIDAD
A65: 45679 | B65: 64 | C65: 45694 | D65: 0.39236111 | E65: JUAN MIGUEL FIDEL MEDERO | F65: 45298440D | I65: ARTRA SERVICIOS CORPORATIVOS S.L. | K65: DESPIDO
A66: 45679 | B66: 65 | C66: 45694 | D66: 0.39583333 | E66: MANUEL ANTONIO QUINTERO PEREZ | F66: 45280786L | G66: ENRIQUE ALCOBA VIZCAÍNO | H66: 45306530A | I66: CARMELO MARTINEZ RODRIGUEZ S.L | J66: B29905940 | K66: CANTIDAD
A67: 45679 | B67: 66 | C67: 45694 | D67: 0.39930556 | E67: ERICA CRISTINA ALFONSO DELGADO | F67: Z0560008D | I67: CARAI MELILLA S.L. | J67: B52021052 | K67: DESPIDO Y CANTIDAD
A68: 45680 | B68: 67 | C68: 45694 | D68: 0.40277778 | E68: RAFAEL ACEBAL MANCHEÑO | F68: 45276872S | I68: SERGLOBIN S.L. | J68: B52005600 | K68: CESIÓN ILEGAL DE TRABAJADORES
A69: 45680 | B69: CC 1/2025 | C69: 45684 | D69: 0.41666667 | E69: ASOCIACION DE EMPRESARIOS DE TALLERES Y REPARACIÓN DE AUTOMÓVILES | G69: FRANCISCO JAVIER PADILLA CONESA | H69: 45272828L | I69: ASOCIACION DE EMPRESARIOS DE INSTALADORES Y MANTENDEDORES DE MELILLA SINDICATO CCOO FEDERACIÓN DE INDUSTRIA, CONSTRUCCIÓN Y AGRO-UGT
A70: 45680 | B70: 68 | C70: 45694 | D70: 0.52083333 | E70: TAHIS MARIA FERNANDEZ LOPEZ | F70: 26807880T | G70: JOSÉ MARÍA IGNACIO SÁNCHEZ CHOLBI | H70: 45269826F | I70: ASOC. TRASTORNO DE ESPECTRO AUTISTA MELILLA (TEAMA) | J70: G52030327 | K70: DESPIDO Y CANTIDAD
A71: 45680 | B71: 69 | C71: 45694 | D71: 0.40625 | E71: ENRIQUE RUIZ BARRANCO | F71: 45276626E | G71: MARÍA DOLORES LÓPEZ GUARDIA | H71: 24256072L | I71: SUPERSOL SPAIN SL | J71: B86310521 | K71: IMPUGNACIÓN SANCION
A72: 45680 | B72: 70 | C72: 45694 | D72: 0.40972222 | E72: SOLIMAN MOHAMED MOHAND | F72: 45299259T | G72: FARID MOHAMED SAID | H72: 45308774Q | I72: SEGURIDAD INTEGRAL SECOEX S.A. | J72: A06072979 | K72: MODIFICACIÓN SUSTANCIAL DE CONDICIONES DE TRABAJO Y CANTIDAD
A73: 45681 | B73: 71 | C73: 45694 | D73: 0.41319444 | E73: MIMOUN KRACH KADIRI | F73: 45324143K | G73: JOAQUÍN GARCÍA ANGOSTO | H73: 45314107J | I73: CALDERERÍAS INDÁLICAS S.L. ALLIANZ COMPAÑÍA DE SEGUROS Y REASEGUROS S.A. | J73: B04196952 A28007748 | K73: CANTIDAD
A74: 45681 | B74: 72 | C74: 45701 | D74: 0.4375 | E74: MARÍA LYDIA CASTILLO VALDUEZA | F74: 45267988D | G74: JOAQUÍN PEDRERO CEBALLOS | H74: 44264189E | I74: PROYECTO MELILLA SA | J74: A29951753 | K74: DERECHO Y CANTIDAD
A75: 45684 | B75: 73 | C75: 45701 | D75: 0.44097222 | E75: ABDELKADER ARMILI | F75: X3369176K | G75: FARID MOHAMED SAID | H75: 45308774Q | I75: ZAFIRO SL | J75: B29903358 | K75: RECLAMACIÓN DE CANTIDADES
A76: 45684 | B76: 74 | C76: 45701 | D76: 0.44444444 | E76: MIMOUN AKODAD ATCHAKAR | F76: 01662703X | G76: FARID MOHAMED SAID | H76: 45308774Q | I76: ESTRUCTURAS ESTÉVEZ MELILLA SLU | J76: B52016227 | K76: INDEMNIZACIÓN POR DAÑOS Y PERJUICIOS DERIVADOS DE ACCIDENTE DE TRABAJO
A77: 45684 | B77: 75 | C77: 45708 | D77: 0.375 | E77: MOHAMED ABIBOU NANE | F77: 60176673W | G77: FARID MOHAMED SAID | H77: 45308774Q | I77: FATIHA MOHAMED ABDELKADER | J77: 45288425E | K77: RECLAMACIÓN DE CANTIDADES
A78: 45684 | B78: 76 | C78: 45708 | D78: 0.37847222 | E78: DUNIA AMAR KADDUR | F78: 45300497L | G78: FARID MOHAMED SAID | H78: 45308774Q | I78: PROYECTOS EMPRESARIALES Y SERVICIOS MALIKA SLU Y ENRIQUE VALLEJO GONZÁLEZ | J78: B52008554 Y 45271123Q | K78: RECLAMACIÓN DE CANTIDADES
A79: 45684 | B79: 77 | C79: 45701 | D79: 0.44791667 | E79: DAMARIS PILAR MENDEZ SANCHEZ | F79: 45316171F | I79: APPS MOBILE CYM SL | J79: B72393499 | K79: DESPIDO Y CANTIDAD
A80: 45684 | B80: 78 | C80: 45701 | D80: 0.45138889 | E80: BILEL KADDUR MOHAMED | F80: 45310025W | G80: FARID MOHAMED SAID | H80: 45308774Q | I80: COINTELEF MÁLAGA, S.L. | J80: B296554100 | K80: RECLAMACIÓN DE CANTIDADES
A81: 45684 | B81: 79 | C81: 45701 | D81: 0.45486111 | E81: LLUNAIDA HAMED MOHAMED | F81: 45303576Q | G81: JOAQUÍN GARCÍA ANGOSTO | H81: 45314107J | I81: RENVERSE SL | J81: B20781969 | K81: DESPIDO NULO Y RECLAMACIÓN SALARIAL
A82: 45685 | B82: 80 | C82: 45701 | D82: 0.45833333 | E82: NAUAT BUZZIAN ABDESLAM | F82: 45305322Z | I82: MIGUEL LEAL MARTÍNEZ E HIJOS, S.L. | J82: B52035284 | K82: DESPIDO CON VULNERACIÓN DE DERECHOS FUNDAMENTALES
A83: 45685 | B83: 81 | C83: 13/02/205 | D83: 0.46180556 | E83: D. ANTONIO RUIZ GONZÁLEZ | F83: 45271312K | G83: ALBERTO JOSÉ REQUENA POU | H83: 45295631Y | I83: BALTASAR MARTÍN E HIJOS S.A | J83: A29904521 | K83: RECONOCIMIENTO DE DERECHO Y RECLAMACIÓN DE CANTIDAD
A84: 45686 | B84: 82 | C84: 45708 | D84: 0.38194444 | E84: D. DANIEL RUIZ CERPA | F84: 49059598T | G84: DANIEL TEBAR CARMONA | H84: 45312120G | I84: JOAQUÍN AZNAR GUERRA | J84: 45303992H | K84: RESOLUCIÓN DE CONTRATO Y RECLAMACIÓN SALARIAL
A85: 45686 | B85: 83 | C85: 45701 | D85: 0.46527778 | E85: PEDRO GUERRERO MORENO | F85: 45276977M | G85: MARTA ALONSO SALGADO | H85: 45310549C | I85: SURESTE SEGURIDAD, S.L. | J85: B30376982 | K85: RECLAMACIÓN DE CANTIDAD Y RECONOCIMIENTO DE DERECHO
A86: 45686 | B86: 84 | C86: 45701 | D86: 0.46875 | E86: JOSÉ SÁNCHEZ ANDÚJAR | F86: 45278810K | G86: MARTA ALONSO SALGADO | H86: 45310549C | I86: SURESTE SEGURIDAD, S.L. | J86: B30376982 | K86: RECLAMACIÓN DE CANTIDAD Y RECONOCIMIENTO DE DERECHO
A87: 45686 | B87: 85 | C87: 45707 | D87: 0.39583333 | E87: FUNDACIÓN LABORAL DE LA CONSTRUCCIÓN | F87: G80468416 | G87: JOSÉ LUIS LEÓN MARCOS | H87: 27304753G | I87: ADVANCE MULTISERVICIOS | J87: B42791418 | K87: RECLAMACIÓN DE CUOTAS ADEUDADAS
A88: 45686 | B88: 86 | C88: 45707 | D88: 0.39930556 | E88: FUNDACIÓN LABORAL DE LA CONSTRUCCIÓN | F88: G80468416 | G88: JOSÉ LUIS LEÓN MARCOS | H88: 27304753G | I88: AIT LHAJ HICHAM | J88: Y2899457E | K88: RECLAMACIÓN DE CUOTAS ADEUDADAS
A89: 45686 | B89: 87 | C89: 45707 | D89: 0.40277778 | E89: FUNDACIÓN LABORAL DE LA CONSTRUCCIÓN | F89: G80468416 | G89: JOSÉ LUIS LEÓN MARCOS | H89: 27304753G | I89: AZZIZI AOURACHE MOHAMED | J89: 45357345B | K89: RECLAMACIÓN DE CUOTAS ADEUDADAS
A90: 45686 | B90: 88 | C90: 45707 | D90: 0.40625 | E90: FUNDACIÓN LABORAL DE LA CONSTRUCCIÓN | F90: G80468416 | G90: JOSÉ LUIS LEÓN MARCOS | H90: 27304753G | I90: ASTITOU SOUFIAN | J90: X9084314G | K90: RECLAMACIÓN DE CUOTAS ADEUDADAS
A91: 45686 | B91: 89 | C91: 45707 | D91: 0.40972222 | E91: FUNDACIÓN LABORAL DE LA CONSTRUCCIÓN | F91: G80468416 | G91: JOSÉ LUIS LEÓN MARCOS | H91: 27304753G | I91: BENDRISS ABDELLATIF | J91: Y1046058D | K91: RECLAMACIÓN DE CUOTAS ADEUDADAS
A92: 45686 | B92: 90 | C92: 45707 | D92: 0.41319444 | E92: FUNDACIÓN LABORAL DE LA CONSTRUCCIÓN | F92: G80468416 | G92: JOSÉ LUIS LEÓN MARCOS | H92: 27304753G | I92: CHEMLAL YACHOU EL HASSAN MHAME | J92: 45319307S | K92: RECLAMACIÓN DE CUOTAS ADEUDADAS
A93: 45686 | B93: 91 | C93: 45707 | D93: 0.41666667 | E93: FUNDACIÓN LABORAL DE LA CONSTRUCCIÓN | F93: G80468416 | G93: JOSÉ LUIS LEÓN MARCOS | H93: 27304753G | I93: CONSTRUCCIONES BERENGUEL CARRILLO, S.L. | J93: B04748216 | K93: RECLAMACIÓN DE CUOTAS ADEUDADAS
A94: 45686 | B94: 92 | C94: 45707 | D94: 0.42013889 | E94: FUNDACIÓN LABORAL DE LA CONSTRUCCIÓN | F94: G80468416 | G94: JOSÉ LUIS LEÓN MARCOS | H94: 27304753G | I94: CONSTRUCCIONES HERMANOS BERENGUEL S XXI | J94: B52036647 | K94: RECLAMACIÓN DE CUOTAS ADEUDADAS
A95: 45686 | B95: 93 | C95: 45707 | D95: 0.42361111 | E95: FUNDACIÓN LABORAL DE LA CONSTRUCCIÓN | F95: G80468416 | G95: JOSÉ LUIS LEÓN MARCOS | H95: 27304753G | I95: EBN ALALL MOHAMED | J95: 44071458P | K95: RECLAMACIÓN DE CUOTAS ADEUDADAS
... A129: 45691 | B129: 127 | C129: 45708 | D129: 0.38888889 | E129: MARÍA ESPERANZA GALARRAGA DURÁN | F129: 45307563R | G129: VÍCTOR REYES DOMÍNGUEZ | H129: 25342214D | I129: KOALA SOLUCIONES EDUCATIVAS, S.A. Y CLECE, S.A. | J129: A87045423 Y A80364243 | K129: RECLAMACIÓN DE DERECHOS
A130: 45692 | B130: 128 | C130: 45708 | D130: 0.39236111 | E130: AURELIA SORIANO RAMÓN | F130: 45305454P | I130: ASOCIACIÓN DE FAMILIARES DE ENFERMOS DE ALZHEIMER | J130: G29962412 | K130: RECLAMACIÓN DE CANTIDAD
A131: 45692 | B131: 129 | C131: 45715 | D131: 0.44097222 | E131: SANDRA ESCOBAR GÓMEZ | F131: 45355544G | I131: HALIMA EL AICHI | K131: RECLAMACIÓN DE CANTIDAD
A132: 45692 | B132: 130 | C132: 45708 | D132: 0.39583333 | E132: SAID EL BACHIRI BACHIRI | F132: 45318607M | G132: ABDELMAYID SAID DRIS | H132: 45281472S | I132: REALE SEGUROS GENERALES, S.A. | J132: A78520293 | K132: RECONOCIMIENTO DE DERECHO Y RECLAMACIÓN DE CANTIDAD
A133: 45693 | B133: 131 | C133: 45708 | D133: 0.39930556 | E133: KEMEL AHMED MEHAND | F133: 45310304M | I133: VERSUS ONLINE, S.A. | J133: A73733016 | K133: DESPIDO IMPROCEDENTE
A134: 45693 | B134: 132 | C134: 45708 | D134: 0.40277778 | E134: MÓNICA SÁNCHEZ MAROTO | F134: 52377867J | G134: DAVID MARÍN SÁNCHEZ | H134: 45316553K | I134: AGENCIA MÉRIDA LOGÍSTICA | J134: B93152171 | K134: IMPUGNACIÓN DE DESPIDO
A135: 45693 | B135: 133 | C135: 45708 | D135: 0.52083333 | E135: FATIMA BENAISA RAMI | F135: 45309820G | G135: JOSÉ MARÍA IGNACIO SÁNCHEZ CHOLBI | H135: 45269826F | I135: CHEMARA RUSADIR SLU | J135: B52015526 | K135: CANTIDAD
A136: 45693 | B136: 134 | C136: 45708 | D136: 0.40625 | E136: ABDELKADER MHAMED ALI | F136: 45303232V | G136: FARID MOHAMED SAID | H136: 45308774Q | I136: CONSTRUCCIONES CREACIÓN HOME, S.L. | J136: B44703171 | K136: DESPIDO NULO CON VULNERACIÓN DE DERECHOS FUNDAMENTALES Y RECLAMACIÓN DE CANTIDADES
A137: 45695 | B137: 135 | C137: 45715 | D137: 0.44444444 | E137: MOHAMED FRAJI | F137: TL5129639 | G137: ABDELMAYID SAID DRIS | H137: 45281472S | I137: OHL SERVICIOS INGESAN SA | J137: A27178789 | K137: RECONOCIMIENTO DE DERECHO Y DESPIDO
...

Sheet LISTADO CITACIONES
B1: LISTADO CITACIONES 29 DE JULIO 2022
A2: =Hoja1!B1 -> DÍA | B2: =Hoja1!C1 -> HORA | C2: TRABAJADOR | D2: REPRESENTANTE TRAB. | E2: EMPRESA
A3: =Hoja1!B2 -> 44573 | B3: =Hoja1!C2 -> 0.39583333 | C3: =Hoja1!D2 -> NOUR EDDINE MOHAMED MOHAMEDI | D3: =SERGIO!G2 -> 0 | E3: =Hoja1!E2 -> HALIMA BUCHNACHI EL MESSAOUDI “PIZZERÍA LA ESPIGUERA”
A4: =Hoja1!B3 -> 44573 | B4: =Hoja1!C3 -> 0.39930556 | C4: =Hoja1!D3 -> OHL SERVICIOS INGESAN, S.A. | D4: =SERGIO!G3 -> FARID MOHAMED SAID | E4: =Hoja1!E3 -> ANA VICTORIA SCHILLER PIZANA
A5: =Hoja1!B4 -> 44573 | B5: =Hoja1!C4 -> 0.40277778 | C5: =Hoja1!D4 -> JACOBO RUIZ CORREA | D5: =SERGIO!G4 -> EVA GUILLÉN GARCÍA | E5: =Hoja1!E4 -> S.A.
A6: =Hoja1!B5 -> 44573 | B6: =Hoja1!C5 -> 0.40625 | C6: =Hoja1!D5 -> MIMOUN EL FEKRI | D6: =SERGIO!G5 -> FARID MOHAMED SAID | E6: =Hoja1!E5 -> MILADE, S.L.
A7: =Hoja1!B6 -> 44573 | B7: =Hoja1!C6 -> 0.40972222 | C7: =Hoja1!D6 -> ILHAM AHMED MOHAMED | D7: =SERGIO!G6 -> JOAQUÍN GARCÍA ANGOSTO | E7: =Hoja1!E6 -> LIWE ESPAÑOLA, S.A.
A8: =Hoja1!B7 -> 44573 | B8: =Hoja1!C7 -> 0.41319444 | C8: =Hoja1!D7 -> ABDELLAH HAMMOUTI | D8: =SERGIO!G7 -> FARID MOHAMED SAID | E8: =Hoja1!E7 -> REFORMAS Y PROYECTOS COYSE MELILLA, S.L.
A9: =Hoja1!B8 -> 44573 | B9: =Hoja1!C8 -> 0.41666667 | C9: =Hoja1!D8 -> MALIKA HAMMU MOHAND | D9: =SERGIO!G8 -> FARID MOHAMED SAID | E9: =Hoja1!E8 -> TALHER, S.A.
A10: =Hoja1!B9 -> 44573 | B10: =Hoja1!C9 -> 0.42013889 | C10: =Hoja1!D9 -> NURIA CARRETERO AVELINO | D10: =SERGIO!G9 -> FEDERICO BURLO DE ROJAS | E10: =Hoja1!E9 -> MARÍA DEL CARMEN PALACIOS COBO
A11: =Hoja1!B10 -> 44573 | B11: =Hoja1!C10 -> 0.42361111 | C11: =Hoja1!D10 -> JAMAL ROUCHDI | D11: =SERGIO!G10 -> JOAQUÍN GARCÍA ANGOSTO | E11: =Hoja1!E10 -> MOHAMED HADDOUCHI
A12: =Hoja1!B11 -> 44573 | B12: =Hoja1!C11 -> 0.42708333 | C12: =Hoja1!D11 -> TIJANI ZAHAF | D12: =SERGIO!G11 -> FARID AMED DRIS | E12: =Hoja1!E11 -> MAIR SADIA RUAS BELITY Y ALMIRU SL
A13: =Hoja1!B12 -> 44573 | B13: =Hoja1!C12 -> 0.43055556 | C13: =Hoja1!D12 -> ALI KASSEN AL LAL | D13: =SERGIO!G12 -> ALBERTO J. REQUENA POU | E13: =Hoja1!E12 -> VALORIZA SERVICIOS MEDIOAMBIENTALES
A14: =Hoja1!B13 -> 44573 | B14: =Hoja1!C13 -> 0.43402778 | C14: =Hoja1!D13 -> LLAMAL EL IDRISSI MOHAMED | D14: =SERGIO!G13 -> JOAQUIN PEDRERO CEBALLOS | E14: =Hoja1!E13 -> PROSEGUR SOLUCIONES INTEGRALES SEGURIDAD ESPAÑA SL
... A69: =Hoja1!B68 -> 44594 | B69: =Hoja1!C68 -> 0.45486111 | C69: =Hoja1!D68 -> JAKIN AHMED MIMUN | D69: =SERGIO!G68 -> 0 | E69: =Hoja1!E68 -> VALORIZA SERVICIOS MEDIOAMBIENTALES
A70: =Hoja1!B69 -> 44594 | B70: =Hoja1!C69 -> 0.45833333 | C70: =Hoja1!D69 -> SAMIR AMJAHAD TAHIRI | D70: =SERGIO!I69 -> ASOCIACION DE EMPRESARIOS DE INSTALADORES Y MANTENDEDORES DE MELILLA SINDICATO CCOO FEDERACIÓN DE INDUSTRIA, CONSTRUCCIÓN Y AGRO-UGT | E70: =Hoja1!E69 -> VALORIZA SERVICIOS MEDIOAMBIENTALES
A71: =Hoja1!B70 -> 44601 | B71: =Hoja1!C70 -> 0.39930556 | C71: =Hoja1!D70 -> NEZHA EL GUASSAA | D71: =SERGIO!G70 -> JOSÉ MARÍA IGNACIO SÁNCHEZ CHOLBI | E71: =Hoja1!E70 -> DRYCOLD GOOD, S.L. Y JOSÉ BENAIM ASERRAF
A72: =Hoja1!B71 -> 44601 | B72: =Hoja1!C71 -> 0.39930556 | C72: =Hoja1!D71 -> NEZHA EL GUASSAA | D72: =SERGIO!G71 -> MARÍA DOLORES LÓPEZ GUARDIA | E72: =Hoja1!E71 -> DRYCOLD GOOD, S.L. Y JOSÉ BENAIM ASERRAF
A73: =Hoja1!B72 -> 44601 | B73: =Hoja1!C72 -> 0.40277778 | C73: =Hoja1!D72 -> SAID TOURICH | D73: =SERGIO!G72 -> FARID MOHAMED SAID | E73: =Hoja1!E72 -> VALORIZA SERVICIOS MEDIOAMBIENTALES, S.A.
A74: =Hoja1!B73 -> 44601 | B74: =Hoja1!C73 -> 0.40625 | C74: =Hoja1!D73 -> MHAMED EL OUARIACHI AMAKHTARI | D74: =SERGIO!G77 -> FARID MOHAMED SAID | E74: =Hoja1!E73 -> VALORIZA SERVICIOS MEDIOAMBIENTALES, S.A.
A75: =Hoja1!B74 -> 44601 | B75: =Hoja1!C74 -> 0.40972222 | C75: =Hoja1!D74 -> ABDELHAKIM AL BANYAHYATI ZARIOH | D75: =SERGIO!G74 -> JOAQUÍN PEDRERO CEBALLOS | E75: =Hoja1!E74 -> VALORIZA SERVICIOS MEDIOAMBIENTALES, S.A.
A76: =Hoja1!B75 -> 44601 | B76: =Hoja1!C75 -> 0.41319444 | C76: =Hoja1!D75 -> KARIM MUSTAFA MIZZIAN | D76: =SERGIO!G75 -> FARID MOHAMED SAID | E76: =Hoja1!E75 -> SURESTE SEGURIDAD, S.L.
A77: =Hoja1!B76 -> 44601 | B77: =Hoja1!C76 -> 0.41666667 | C77: =Hoja1!D76 -> FATIMA MATICHE LAHCEN, KARIMA BAGDAD MOHAMED, LUISA HAMETE BENZAR Y SALHA AHMED MOHAMED | D77: =SERGIO!G76 -> FARID MOHAMED SAID | E77: =Hoja1!E76 -> OHL SERVICIOS INGESAN, S.A.
A78: =Hoja1!B77 -> 44601 | B78: =Hoja1!C77 -> 0.42013889 | C78: =Hoja1!D77 -> ABDELHUAHED AL LAL MOHAND | D78: =SERGIO!G77 -> FARID MOHAMED SAID | E78: =Hoja1!E77 -> VALORIZA SERVICIOS MEDIOAMBIENTALES
A79: =Hoja1!B78 -> 44601 | B79: =Hoja1!C78 -> 0.42361111 | C79: =Hoja1!D78 -> ABDESLAM ABDESLAM SAIDI | D79: =SERGIO!G78 -> FARID MOHAMED SAID | E79: =Hoja1!E78 -> VALORIZA SERVICIOS MEDIOAMBIENTALES
A80: =Hoja1!B79 -> 44601 | B80: =Hoja1!C79 -> 0.42708333 | C80: =Hoja1!D79 -> HAMZA SANHJI | D80: =SERGIO!G79 -> 0 | E80: =Hoja1!E79 -> VALORIZA SERVICIOS MEDIOAMBIENTALES
A81: =Hoja1!B80 -> 44601 | B81: =Hoja1!C80 -> 0.43055556 | C81: =Hoja1!D80 -> DUNIA HAMED BUMEDIEN | D81: =SERGIO!G80 -> FARID MOHAMED SAID | E81: =Hoja1!E80 -> VALORIZA SERVICIOS MEDIOAMBIENTALES
A82: =Hoja1!B81 -> 44601 | B82: =Hoja1!C81 -> 0.43402778 | C82: =Hoja1!D81 -> FAUZI AMARUCH MOHAMEDI | D82: =SERGIO!G81 -> JOAQUÍN GARCÍA ANGOSTO | E82: =Hoja1!E81 -> VALORIZA SERVICIOS MEDIOAMBIENTALES
A83: =Hoja1!B82 -> 44601 | B83: =Hoja1!C82 -> 0.4375 | C83: =Hoja1!D82 -> ENRIQUE RIVAS VILLATORO | D83: =SERGIO!G82 -> 0 | E83: =Hoja1!E82 -> VALORIZA SERVICIOS MEDIOAMBIENTALES
A84: =Hoja1!B83 -> 44608 | B84: =Hoja1!C83 -> 0.39583333 | C84: =Hoja1!D83 -> HAMID ABDELKADER MOHAMED | D84: =SERGIO!G83 -> ALBERTO JOSÉ REQUENA POU | E84: =Hoja1!E83 -> INTBUILDER SEMA CONSTRUCCIÓN, S.L.
A85: =Hoja1!B84 -> 44608 | B85: =Hoja1!C84 -> 0.39930556 | C85: =Hoja1!D84 -> JOSÉ DAVID FERNÁNDEZ CORNEJO | D85: =SERGIO!I84 -> JOAQUÍN AZNAR GUERRA | E85: =Hoja1!E84 -> INTBUILDER SEMA CONSTRUCCIÓN, S.L.
A86: =Hoja1!B85 -> 44608 | B86: =Hoja1!C85 -> 0.40277778 | C86: =Hoja1!D85 -> EL MOSTAPHA BAHRI LAMKADDAM | D86: =SERGIO!G85 -> MARTA ALONSO SALGADO | E86: =Hoja1!E85 -> INTBUILDER SEMA CONSTRUCCIÓN, S.L.
A87: =Hoja1!B86 -> 44608 | B87: =Hoja1!C86 -> 0.40625 | C87: =Hoja1!D86 -> ALI BOUALALA YAKHLEF | D87: =SERGIO!G86 -> MARTA ALONSO SALGADO | E87: =Hoja1!E86 -> DORANJO, S.L.U.
A88: =Hoja1!B87 -> 44608 | B88: =Hoja1!C87 -> 0.40972222 | C88: =Hoja1!D87 -> RACHIB EL AMMOURI | D88: =SERGIO!G87 -> JOSÉ LUIS LEÓN MARCOS | E88: =Hoja1!E87 -> GERCAR CONSTRUCCIONES Y REFORMAS
A89: =Hoja1!B88 -> 44608 | B89: =Hoja1!C88 -> 0.41319444 | C89: =Hoja1!D88 -> SAMIR AZDI AHMED | D89: =SERGIO!G88 -> JOSÉ LUIS LEÓN MARCOS | E89: =Hoja1!E88 -> MARIANO REMARTÍNEZ BUERA
A90: =Hoja1!B89 -> 44615 | B90: =Hoja1!C89 -> 0.39583333 | C90: =Hoja1!D89 -> YAMILA MOHATAR MOH | D90: =SERGIO!G89 -> JOSÉ LUIS LEÓN MARCOS | E90: =Hoja1!E89 -> COMERCIAL ESPAÑOLA DE RECAMBIOS Y AUTOMÓVILES, S.A. Y CERAS, S.L.
A91: =Hoja1!B90 -> 44615 | B91: =Hoja1!C90 -> 0.39930556 | C91: =Hoja1!D90 -> USAMA EL KAYCHOUHI BENSIALI | D91: =SERGIO!G90 -> JOSÉ LUIS LEÓN MARCOS | E91: =Hoja1!E90 -> JM FONTANEROS MELILLA, S.L.
A92: =Hoja1!B91 -> 44615 | B92: =Hoja1!C91 -> 0.40277778 | C92: =Hoja1!D91 -> MHAMED ZARIOUHI | D92: =SERGIO!G91 -> JOSÉ LUIS LEÓN MARCOS | E92: =Hoja1!E91 -> CANALIZACIONES Y CENTROS MELILLA, S.L. (CAYCEMEL)
A93: =Hoja1!B92 -> 44615 | B93: =Hoja1!C92 -> 0.40625 | C93: =Hoja1!D92 -> SORAIDA MOHAMED FATMI | D93: =SERGIO!G92 -> JOSÉ LUIS LEÓN MARCOS | E93: =Hoja1!E92 -> RUSADIR MEDIA, S.L.
A94: =Hoja1!B93 -> 44615 | B94: =Hoja1!C93 -> 0.40972222 | C94: =Hoja1!D93 -> JOSÉ MARÍA MORALES MORENO | D94: =SERGIO!G93 -> JOSÉ LUIS LEÓN MARCOS | E94: =Hoja1!E93 -> SURESTE SEGURIDAD, S.L.
A95: =Hoja1!B94 -> 44615 | B95: =Hoja1!C94 -> 0.41319444 | C95: =Hoja1!D94 -> SOLEDAD MARTÍNEZ RODRÍGUEZ | D95: =SERGIO!G94 -> JOSÉ LUIS LEÓN MARCOS | E95: =Hoja1!E94 -> ABDESELAM MOHAMED MIMUN
A96: =Hoja1!B95 -> 44615 | B96: =Hoja1!C95 -> 0.41666667 | C96: =Hoja1!D95 -> MALIKA ZIZAOUI (DESISTIMIENTO) | D96: =SERGIO!G95 -> JOSÉ LUIS LEÓN MARCOS | E96: =Hoja1!E95 -> SUPERNOVA ASISTENCIAS, S.L.U. Y CLECE, S.A.
A97: =Hoja1!B96 -> 44615 | B97: =Hoja1!C96 -> 0.42013889 | C97: =Hoja1!D96 -> JUAN GÁLVEZ ROMERO | D97: =SERGIO!G96 -> JOSÉ LUIS LEÓN MARCOS | E97: =Hoja1!E96 -> SURESTE SEGURIDAD, S.L.
... A172: =Hoja1!B171 -> 44650 | B172: =Hoja1!C171 -> 0.43402778 | C172: =Hoja1!D171 -> SAMIRA EL MAYDOUBI | D172: =SERGIO!G171 -> JOSÉ MARÍA IGNACIO SÁNCHEZ CHOLBI | E172: =Hoja1!E171 -> SURESTE SEGURIDAD S.L.
A173: =Hoja1!B172 -> 44650 | B173: =Hoja1!C172 -> 0.4375 | C173: =Hoja1!D172 -> FADUA MOHAMED FAHIM | D173: =SERGIO!G203 -> JOAQUÍN GARCÍA ANGOSTO | E173: =Hoja1!E172 -> TAX FREE EUROPA, S.L.
A174: =Hoja1!B173 -> 44650 | B174: =Hoja1!C173 -> 0.44097222 | C174: =Hoja1!D173 -> JOSÉ FRANCISCO DOMENECH ROLDÁN | D174: =SERGIO!G173 -> MANUEL EMILIO GÓMEZ FERNÁNDEZ | E174: =Hoja1!E173 -> KADEM EZACRITI HAMEDI
A175: =Hoja1!B174 -> 44650 | B175: =Hoja1!C174 -> 0.44444444 | C175: =Hoja1!D174 -> MANUEL PERDIGONÉS DOMÍNGUEZ | D175: =SERGIO!G174 -> VICENTE MIGUEL AGÜERA AGUILERA | E175: =Hoja1!E174 -> MELILLA FUNZIONA, S.L.
A176: =Hoja1!B175 -> 44650 | B176: =Hoja1!C175 -> 0.44791667 | C176: =Hoja1!D175 -> JOSÉ ANTONIO ARROYO BAUTISTA | D176: =SERGIO!G175 -> DAVID MARÍN SÁNCHEZ | E176: =Hoja1!E175 -> SURESTE SEGURIDAD, S.L.
A177: =Hoja1!B176 -> 44650 | B177: =Hoja1!C176 -> 0.45138889 | C177: =Hoja1!D176 -> JUAN JESÚS PASCUAL SÁNCHEZ | D177: =SERGIO!G176 -> 0 | E177: =Hoja1!E176 -> SURESTE SEGURIDAD, S.L.
A178: =Hoja1!B177 -> 44650 | B178: =Hoja1!C177 -> 0.45486111 | C178: =Hoja1!D177 -> YASSIN YAKHLEF OUBALI | D178: =SERGIO!G177 -> JOAQUÍN GARCÍA ANGOSTO | E178: =Hoja1!E177 -> JUAN RAMÓN MONTENEGRO RODRÍGUEZ
A179: =Hoja1!B178 -> 44650 | B179: =Hoja1!C178 -> 0.45833333 | C179: =Hoja1!D178 -> OMAR BOURAS | D179: =SERGIO!G178 -> MARTA ALONSO SALGADO | E179: =Hoja1!E178 -> BENAISA E HIJOS, S.L.
A180: =Hoja1!B179 -> 44650 | B180: =Hoja1!C179 -> 0.46180556 | C180: =Hoja1!D179 -> SUFIAN MOHAMED FATMI | D180: =SERGIO!G179 -> JOUSEFF TORRES OLORIZ MOHAMED | E180: =Hoja1!E179 -> DORANJO, S.L.U.
A181: =Hoja1!B180 -> 44650 | B181: =Hoja1!C180 -> 0.46527778 | C181: =Hoja1!D180 -> SOLIMAN HAMED EMBARK | D181: =SERGIO!G180 -> 0 | E181: =Hoja1!E180 -> EULEN SEGURIDAD, S.A.
A182: =Hoja1!B181 -> 44650 | B182: =Hoja1!C181 -> 0.46875 | C182: =Hoja1!D181 -> JUAN ANTONIO ALCÁZAR HERNÁNDEZ | D182: =SERGIO!G181 -> FARID MOHAMED SAID | E182: =Hoja1!E181 -> TRAGSA SA EMPRESA TRANSFORMACIÓN AGRARIA
A183: =Hoja1!B182 -> 44657 | B183: =Hoja1!C182 -> 0.39583333 | C183: =Hoja1!D182 -> SANDRA CARMONA SORROCHE | D183: =SERGIO!G182 -> DOLORES MARÍA LÓPEZ GUARDIA | E183: =Hoja1!E182 -> GONZAPA MELILLA, S.L. Y JUAN ANTONIO ARMADA VILLALTA
A184: =Hoja1!B183 -> 44650 | B184: =Hoja1!C183 -> 0.47222222 | C184: =Hoja1!D183 -> BILAL MUSTAFA ABDESLAM | D184: =SERGIO!G183 -> SALOMON SERFATY BITTAN | E184: =Hoja1!E183 -> EULEN, S.A.
A185: =Hoja1!B184 -> 44657 | B185: =Hoja1!C184 -> 0.39930556 | C185: =Hoja1!D184 -> MÓNICA MARTÍNEZ GARCÍA | D185: =SERGIO!G184 -> SALOMON SERFATY BITTAN | E185: =Hoja1!E184 -> RENVERSE, S.L.
... A203: =Hoja1!B202 -> 44657 | B203: =Hoja1!C202 -> 0.46180556 | C203: =Hoja1!D202 -> DAVID GRAM¡NADOS JIMWNEZ | D203: =SERGIO!G202 -> CARLOS GONZÁLEZ VARO | E203: =Hoja1!E202 -> BLUE JATIUCA ESPAÑA SL, JEAN BOSSON PEREZ DE LEZA
A204: =Hoja1!B203 -> 44657 | B204: =Hoja1!C203 -> 0.46527778 | C204: =Hoja1!D203 -> MIMONA MIMUN SEL LAM | D204: =SERGIO!#REF! -> #REF! | E204: =Hoja1!E203 -> SUPERNOVA ASISTENCIAS, S.L.U. E IKREA-GESTION DE LA CULTURA Y EL OCIO SL
A205: =Hoja1!B204 -> 44657 | B205: =Hoja1!C204 -> 0.46875 | C205: =Hoja1!D204 -> PAOLA ANDUJAR FERNANDEZ | D205: =SERGIO!G204 -> ELÍAS BENHAMÚ BELILTY | E205: =Hoja1!E204 -> SUPERNOVA ASISTENCIAS, S.L.U. E IKREA-GESTION DE LA CULTURA Y EL OCIO SL
A206: =Hoja1!B205 -> 44657 | B206: =Hoja1!C205 -> 0.47222222 | C206: =Hoja1!D205 -> NOURA MOHAMED HASSAN | D206: =SERGIO!G205 -> GEMA FERRER RODRÍGUEZ | E206: =Hoja1!E205 -> SUPERNOVA ASISTENCIAS, S.L.U. E IKREA-GESTION DE LA CULTURA Y EL OCIO SL
A207: =Hoja1!B206 -> 44657 | B207: =Hoja1!C206 -> 0.47569444 | C207: =Hoja1!D206 -> MOHAMED DJABI BAB CHIKR | D207: =SERGIO!G206 -> JOSÉ MARÍA IGNACIO SÁNCHEZ CHOLBI | E207: =Hoja1!E206 -> MUTUA PATRONAL DE ACCIDENTES DE TRABAJO ASEPEYO
A208: =Hoja1!B207 -> 44671 | B208: =Hoja1!C207 -> 0.39583333 | C208: =Hoja1!D207 -> FATI M HAMED AHMED | D208: =SERGIO!G207 -> JOAQUÍN GARCÍA ANGOSTO | E208: =Hoja1!E207 -> ISMAEL MOHAMEDI MOHA,MED
A209: =Hoja1!B208 -> 44671 | B209: =Hoja1!C208 -> 0.40625 | C209: =Hoja1!D208 -> ALEGRIA BENZAQUEN COHEN | D209: =SERGIO!G208 -> DAVID MARÍN SÁNCHEZ | E209: =Hoja1!E208 -> SUPERNOVA ASISTENCIAS, S.L.U. E IKREA-GESTION DE LA CULTURA Y EL OCIO SL
A210: =Hoja1!B209 -> 44655 | B210: =Hoja1!C209 -> 0.39583333 | C210: =Hoja1!D209 -> COMISIONES OBRERAS | D210: =SERGIO!G209 -> JOAQUÍN PEDRERO CEBALLOS | E210: =Hoja1!E209 -> ARQUISOCIAL, S.L.
A211: =Hoja1!B210 -> 44671 | B211: =Hoja1!C210 -> 0.40972222 | C211: =Hoja1!D210 -> SALAH MOHAND ALI | D211: =SERGIO!G210 -> JOSÉ MARÍA IGNACIO SÁNCHEZ CHOLBI | E211: =Hoja1!E210 -> ARQUISOCIAL, S.L.
A212: =Hoja1!B211 -> 44671 | B212: =Hoja1!C211 -> 0.41319444 | C212: =Hoja1!D211 -> ALI DANI TEYIBI | D212: =SERGIO!G211 -> JOSÉ MARÍA IGNACIO SÁNCHEZ CHOLBI | E212: =Hoja1!E211 -> JOSÉ MARÍA ESTRUCH LAHSAINI
A213: =Hoja1!B212 -> 44671 | B213: =Hoja1!C212 -> 0.41666667 | C213: =Hoja1!D212 -> MANUEL MIGUEL FERNÁNDEZ RAMÍREZ | D213: =SERGIO!G212 -> FARID AHMED DRIS | E213: =Hoja1!E212 -> SURESTE SEGURIDAD S.L.
A214: =Hoja1!B213 -> 44671 | B214: =Hoja1!C213 -> 0.42013889 | C214: =Hoja1!D213 -> JOSE FRANCISCO DOMENECH ROLDAN | D214: =SERGIO!G213 -> JOSÉ MARÍA IGNACIO SÁNCHEZ CHOLBI | E214: =Hoja1!E213 -> KADEM EZACRITI HAMEDI
A215: =Hoja1!B214 -> 44671 | B215: =Hoja1!C214 -> 0.42361111 | C215: =Hoja1!D214 -> ABDENNASER JAATIT | D215: =SERGIO!G214 -> MARTA ALONSO SALGADO | E215: =Hoja1!E214 -> HERMANOS AZZOUZI, S.L.
A216: =Hoja1!B215 -> 44671 | B216: =Hoja1!C215 -> 0.42708333 | C216: =Hoja1!D215 -> FARAH IKRAM HAMIDA DRISS | D216: =SERGIO!G215 -> DOLORES MARÍA LÓPEZ GUARDIA | E216: =Hoja1!E215 -> SCI (SERVICIOS DE COLABORACIÓN INTEGRAL)
... A403: =Hoja1!B402 -> 44790 | B403: =Hoja1!C402 -> 0.39930556 | C403: =Hoja1!D402 -> MARIEM EL ASFOURI EL BALI | D403: =SERGIO!G402 -> JOSÉ MIGUEL PÉREZ PÉREZ | E403: =Hoja1!E402 -> HERCULES SERVICIOS GENERALES DE INTEGRACION SL
A404: =Hoja1!B403 -> 44790 | B404: =Hoja1!C403 -> 0.39583333 | C404: =Hoja1!D403 -> ISSAM SOUSSI LAARBI | D404: =SERGIO!G407 -> DAVID MARÍN SÁNCHEZ | E404: =Hoja1!E403 -> CONSTRUCCIONES, REFORMAS Y MANTENIMIENTOS REA, S.L.
A405: =Hoja1!B404 -> 44790 | B405: =Hoja1!C404 -> 0.40277778 | C405: =Hoja1!D404 -> LAILA HAMMADI MOHAMED | D405: =SERGIO!G408 -> DAVID MARÍN SÁNCHEZ | E405: =Hoja1!E404 -> CENTRO ASISTENCIAL DE MELILLA
A406: =Hoja1!B405 -> 44790 | B406: =Hoja1!C405 -> 0.40625 | C406: =Hoja1!D405 -> MIMUN MIMUN MOHAMED | D406: =SERGIO!G409 -> DANIEL TEBAR CARMONA | E406: =Hoja1!E405 -> CLUB INTERGYM MELILLA
A407: =Hoja1!B406 -> 44790 | B407: =Hoja1!C406 -> 0.40972222 | C407: =Hoja1!D406 -> JOSE LUIS GALLEGO BELLIDO | D407: =SERGIO!G411 -> JOAQUIN GARCIA ANGOSTO | E407: =Hoja1!E406 -> SECURITAS SEGURIDAD ESPAÑA SA
A408: =Hoja1!B407 -> 44790 | B408: =Hoja1!C407 -> 0.41319444 | C408: =Hoja1!D407 -> UGT | D408: =SERGIO!G415 -> JOAQUÍN GARCÍA ANGOSTO | E408: =Hoja1!E407 -> ASOCIACION DE COMERCIANTES DE MELILLA (ACOME) Y COMISIONES OBRERAS
A409: =Hoja1!B408 -> 44797 | B409: =Hoja1!C408 -> 0.39583333 | C409: =Hoja1!D408 -> HALET DUNIA MOHAMED ABDEL-LAH | D409: =SERGIO!G403 -> FARID MOHAMED SAID | E409: =Hoja1!E408 -> MEDIA MARKT EMERGING FORMATS SL (JUKE ENTERTAINMENT ESPAÑA SL)
A410: =Hoja1!B409 -> 44797 | B410: =Hoja1!C409 -> 0.39930556 | C410: =Hoja1!D409 -> SIHAM OUALI EL HOUARI | D410: =SERGIO!G404 -> JOSÉ MARÍA SÁNCHEZ CHOLBI | E410: =Hoja1!E409 -> ENRIQUE VALLEJO GONZALEZ
A411: =Hoja1!B410 -> 44797 | B411: =Hoja1!C410 -> 0.40277778 | C411: =Hoja1!D410 -> MOHAMED AIT BAK | D411: =SERGIO!G405 -> JOAQUIN GARCIA ANGOSTO | E411: =Hoja1!E410 -> MARZOUK BEN HADDOU
A412: =Hoja1!B411 -> 44797 | B412: =Hoja1!C411 -> 0.40625 | C412: =Hoja1!D411 -> NAJIMA EL BOUJADDAINI | D412: =SERGIO!G406 -> DAVID MARÍN SÁNCHEZ | E412: =Hoja1!E411 -> CATALINA CORREA PERNIA y M.ª JOSE HENCHE CORREA
A413: =Hoja1!B412 -> 44797 | B413: =Hoja1!C412 -> 0.40972222 | C413: =Hoja1!D412 -> MOHAMED LAARBI TUHAMI | D413: =SERGIO!G407 -> DAVID MARÍN SÁNCHEZ | E413: =Hoja1!E412 -> UTE RECICLADOS MELILLA Y FRANCISCO JAVIER HITA PEDRAZA
A414: =Hoja1!B413 -> 44797 | B414: =Hoja1!C413 -> 0.41319444 | C414: =Hoja1!D413 -> LAMIAA EL ALLALI | D414: =SERGIO!G408 -> DAVID MARÍN SÁNCHEZ | E414: =Hoja1!E413 -> FARMACIA COMARCAL C.B.,LISA BOUBNANE GILHESPY , ANISA BOUBNANE GILHESPY Y MUSTAFA BOUBNANE BOUBNANE
A415: =Hoja1!B414 -> 44797 | B415: =Hoja1!C414 -> 0.41666667 | C415: =Hoja1!D414 -> INES MARIA PANEQUE MUÑOZ | D415: =SERGIO!G409 -> DANIEL TEBAR CARMONA | E415: =Hoja1!E414 -> SINDICATO UNION GENERAL DE TRABAJADORES
A416: =Hoja1!B415 -> 44797 | B416: =Hoja1!C415 -> 0.42013889 | C416: =Hoja1!D415 -> SAID KARIM AMAR | D416: =SERGIO!G410 -> JOSÉ MARÍA SÁNCHEZ CHOLBI | E416: =Hoja1!E415 -> ESTRUCTURA ESTEVEZ MELILLA SLU
A417: =Hoja1!B416 -> 44797 | B417: =Hoja1!C416 -> 0.42361111 | C417: =Hoja1!D416 -> SULIMAN ABDELKADER AL LAL | D417: =SERGIO!G411 -> JOAQUIN GARCIA ANGOSTO | E417: =Hoja1!E416 -> VALORIZA SERVICIOS MEDIOAMBIENTALES
A418: =Hoja1!B417 -> 44797 | B418: =Hoja1!C417 -> 0.42708333 | C418: =Hoja1!D417 -> MANUEL ANGEL ESCAÑO MARTINEZ | D418: =SERGIO!G412 -> JOAQUÍN GARCÍA ANGOSTO | E418: =Hoja1!E417 -> VIGCAN SEGURIDAD, S.L.
A419: =Hoja1!B418 -> 44797 | B419: =Hoja1!C418 -> 0.43055556 | C419: =Hoja1!D418 -> HAYUB MOHAND ABDEL-LAH | D419: =SERGIO!G413 -> JOAQUÍN GARCÍA ANGOSTO | E419: =Hoja1!E418 -> MEDIA MARKT EMERGING FORMATS SL
A420: =Hoja1!B419 -> 44796 | B420: =Hoja1!C419 -> 0.54166667 | C420: =Hoja1!D419 -> VALORIZA SERVICIOS MEDIOAMBIENTALES S.A. | D420: =SERGIO!G414 -> JOAQUÍN GARCÍA ANGOSTO | E420: =Hoja1!E419 -> COMITE DE EMPRESA, COMITE DE HUELGA, CC.OO, UGT, USTM Y CSIF
... A435: =Hoja1!B434 -> 44818 | B435: =Hoja1!C434 -> 0.40972222 | C435: =Hoja1!D434 -> MOHAMED EL MOUSSAOUI ARDOUZ | D435: =SERGIO!G429 -> MARTA ALONSO SALGADO | E435: =Hoja1!E434 -> ABDELAZIZ MUSTAFA MIZZIAN Y MUSTAFA MIZZIAN E HIJOS, S.L.

Sheet Hoja4
